id,CommuteTime,Distance,Mode,DepartureHour
1,21.9,4.7,Bike,8.5
2,50.7,37.9,PublicTransport,7.2
3,47.7,23.8,Car,8.0
4,15.1,3.1,Bike,7.3
5,12.5,7.2,Car,7.7
6,17.1,12.2,Car,7.4
7,27.1,18.8,Car,7.3
8,18.5,9.1,Car,7.1
9,38.2,20.9,PublicTransport,7.7
10,37.5,24.1,PublicTransport,8.4
11,13.3,10.3,Car,7.5
12,22.0,12.4,Car,7.7
13,25.7,18.6,Car,7.0
14,24.6,17.9,Car,7.7
15,11.1,11.3,Car,7.1
16,21.7,12.4,Car,6.7
17,20.0,19.1,Car,6.9
18,19.4,12.1,PublicTransport,6.8
19,33.8,9.0,Bike,8.3
20,44.6,31.5,PublicTransport,7.3
21,43.8,31.3,PublicTransport,7.3
22,32.5,20.4,Car,7.6
23,14.9,4.0,Bike,6.4
24,25.3,10.2,Car,7.4
25,14.0,9.5,Car,6.8
26,41.0,19.8,PublicTransport,8.5
27,50.4,41.8,PublicTransport,7.7
28,15.7,8.7,Car,7.1
29,45.0,29.7,PublicTransport,8.7
30,42.4,30.5,PublicTransport,7.9
31,23.1,15.5,Car,8.2
32,27.0,17.3,PublicTransport,7.6
33,30.6,22.8,Car,7.6
34,27.0,15.6,Car,7.6
35,30.6,22.1,PublicTransport,7.3
36,26.8,7.6,Bike,6.7
37,47.1,35.2,PublicTransport,6.8
38,28.4,27.8,Car,7.0
39,14.6,9.3,Car,7.1
40,51.2,44.0,Car,6.8
41,53.0,37.6,PublicTransport,7.1
42,25.5,15.4,Car,7.9
43,42.8,21.7,PublicTransport,8.3
44,33.4,19.4,Car,8.2
45,20.9,12.1,Car,7.3
46,18.2,14.6,Car,7.2
47,45.4,22.9,Car,8.2
48,45.6,29.2,PublicTransport,8.0
49,62.8,40.9,Car,8.0
50,14.6,9.0,Car,7.7
51,9.8,4.1,Bike,6.8
52,24.1,18.7,Car,7.9
53,36.2,20.1,Car,9.0
54,24.0,12.5,Car,7.9
55,25.9,13.7,Car,8.5
56,25.7,16.3,Car,7.3
57,19.1,5.0,Bike,8.4
58,39.4,15.9,PublicTransport,6.8
59,15.6,10.2,Car,7.6
60,28.2,11.2,PublicTransport,7.0
61,23.8,6.8,Bike,8.1
62,36.3,26.6,Car,6.6
63,23.6,18.3,Car,8.1
64,30.0,16.5,Car,8.9
65,17.0,16.3,Car,7.4
66,26.7,14.7,Car,8.1
67,16.9,11.8,Car,7.3
68,27.0,23.8,PublicTransport,6.3
69,19.4,12.3,Car,6.8
70,36.6,18.1,PublicTransport,8.1
71,26.4,9.3,Car,9.0
72,22.8,12.6,Car,8.0
73,35.9,23.6,Car,8.2
74,13.0,3.6,Bike,7.8
75,23.1,5.7,Bike,7.1
76,34.2,27.4,Car,7.4
77,23.5,18.5,Car,7.1
78,47.6,37.0,Car,6.9
79,31.8,18.2,Car,7.9
80,21.0,18.7,Car,6.3
81,13.3,3.5,Bike,8.3
82,34.6,12.5,PublicTransport,8.1
83,33.2,21.1,Car,7.7
84,34.9,20.1,Car,7.1
85,65.4,44.8,PublicTransport,9.0
86,39.4,28.9,Car,7.4
87,14.1,3.1,Bike,8.4
88,21.0,10.3,Car,8.3
89,40.6,18.9,PublicTransport,7.7
90,16.0,3.8,Bike,7.6
